7zip	25.01+dfsg-1~deb13u2
a52dec	0.7.4-20
aalib	1.4p5-51.1
abseil	20240722.0-4
accounts-qml-module	0.7+git20231028.05e79eb-6
accountsservice	23.13.9-7
acl	2.3.2-2
acpica-unix	20250404-1
adduser	3.152
adwaita-icon-theme	48.1-1
aha	0.5.1-3
akonadi	4:24.12.3-2~deb13u1
akonadi-calendar	4:24.12.3-1
akonadi-contacts	4:24.12.3-1
akonadi-import-wizard	4:24.12.3-1
akonadi-mime	4:24.12.3-1
akonadi-search	4:24.12.3-1
akregator	4:24.12.3-1
alsa-lib	1.2.14-1
alsa-topology-conf	1.2.5.1-3
alsa-ucm-conf	1.2.14-1
alsa-utils	1.2.14-1
amd64-microcode	3.20250311.1
anacron	2.3-43
ann	1.1.2+doc-9
anthy	1:0.4-3
aom	3.12.1-1
apparmor	4.1.0-1
appstream	1.0.5-1
appstream-glib	0.8.3-1
apt	3.0.3
argon2	0~20190702+dfsg-4
aribb24	1.0.3-2.1
ark	4:25.04.3-1
aspell	0.60.8.1-4
aspell-am	0.03-1-5.2
aspell-ar	0.0.20060329-6
aspell-ar-large	1.2-0-5
aspell-bn	1:0.01.1-1-5
aspell-cs	0.51.0-1.3
aspell-cy	0.50-3-8
aspell-el	0.50-3-8
aspell-en	2020.12.07-0-1
aspell-fa	0.11-0-4
aspell-fr	0.50-3-9
aspell-ga	0.50-4-6
aspell-gu	0.03-0-12
aspell-he	1.0-0-8.1
aspell-hi	0.02-9
aspell-hr	0.51-6.1
aspell-hu	0.99.4.2-0-5
aspell-is	0.51.1-0-2
aspell-it	2.4-20070901-0-4
aspell-kk	0.2-3
aspell-ku	0.20-0-8
aspell-ml	0.04-1-10
aspell-mr	0.10-12
aspell-pa	0.01-1-7
aspell-pl	20250101-1
aspell-ro	3.3.10-1
aspell-sk	2.04+ds.9
aspell-sl	0.60-4.1
aspell-sv	0.51-0-4
aspell-ta	20040424-1-4
aspell-te	0.01-2-7
aspell-tl	0.4-0-22
at-spi2-core	2.56.2-1+deb13u1
atmel-firmware	1.3-7.1
attr	1:2.5.2-3
audit	1:4.0.2-2
avahi	0.8-16
babeltrace	1.5.11-4
babl	1:0.1.114-2
baloo-widgets	4:25.04.0-1
base-files	13.8+deb13u6
base-passwd	3.6.7
bash	5.2.37-2
bash-completion	1:2.16.0-7
bc	1.07.1-4
bgoffice	4.1-7.1
bidiv	1.5-6
binutils	2.44-3
bluedevil	4:6.3.4-2
bluez	5.82-1.1
bluez-firmware	1.2-13
bolt	0.9.8-1
boost1.83	1.83.0-4.2
box2d	2.4.1-3
br.ispell	3.0~beta4-25
breeze	4:6.3.5-1
breeze-gtk	6.3.4-1
breeze-icons	4:5.116.0-1
brltty	6.7-3.1+deb13u3
brotli	1.1.0-2
btrfs-progs	6.14-1
bubblewrap	0.11.0-2+deb13u1
build-essential	12.12
bup	0.33.7-1
busybox	1:1.37.0-6
bzip2	1.0.8-6
ca-certificates	20250419
cairo	1.18.4-1
calamares	3.3.14-1
calamares-settings-debian	13.0.13-1
calendarsupport	4:24.12.3-1
carl9170fw	1.9.9-450-gad1c721+dfsg-0.1
catdoc	1:0.95-6
cdebconf	0.280
cdparanoia	3.10.2+debian-14
cfitsio	4.6.2-2
chromaprint	1.5.1-7
cjson	1.7.18-3.1+deb13u1
clinfo	3.0.25.02.14-1
clp	1.17.10+ds-1
clucene-core	2.3.3.4+dfsg-1.2
codec2	1.2.0-3
coinmp	1.8.4+dfsg-2
coinor-cbc	2.10.12+ds-1
coinor-cgl	0.60.9+ds-1
coinor-osi	0.108.10+ds-2
coinutils	2.11.11+ds-5
colord	1.4.7-3
console-setup	1.242~deb13u1
coreutils	9.7-3
cpio	2.15+dfsg-2
cpuid	20250316-1
cpuinfo	0.0~git20250327.39ea79a-1
cracklib2	2.9.6-5.2
cron	3.0pl1-197
cryfs	0.11.4-3
cryptsetup	2:2.7.5-2
culmus	0.140-3
cups	2.4.10-3+deb13u2
cups-filters	1.28.17-6+deb13u1
cups-pk-helper	0.2.6-2.1
curl	8.14.1-2+deb13u4
cyrus-sasl2	2.1.28+dfsg1-9
dahdi-firmware	2.11.1.0.20170917-3
dash	0.5.12-12
dav1d	1.5.1-1
db5.3	5.3.28+dfsg2-9
dbus	1.16.2-2
dbus-python	1.4.0-1
dconf	0.40.0-5
ddcutil	2.2.0-2
debconf	1.5.91
debian-archive-keyring	2025.1
debian-reference	2.127
debianutils	5.23.2
desktop-base	13.0.4
dhcpcd	1:10.1.0-11+deb13u3
dictionaries-common	1.30.10
diffutils	1:3.10-4
discount	2.2.7-2.1
djvulibre	3.5.28-2.2
dkms	3.2.2-1~deb13u1
dmidecode	3.6-2
dns-root-data	2025080400~deb13u1
dnsmasq	2.91-1+deb13u1
docbook-xml	4.5-13
docbook-xsl	1.79.2+dfsg-7
dolphin	4:25.04.3-1+deb13u1
dolphin-plugins	4:25.04.0-1
dosfstools	4.2-1.2
dotconf	1.4.1-1
double-conversion	3.3.1-1
dpkg	1.22.22
dracut	106-6
dragon	4:25.04.0-3
drkonqi	6.3.4-1
dsdo	1.6.36-17
duktape	2.7.0-2
dutch	1:2.20.19+1-3
e2fsprogs	1.47.2-3
eb	4.4.3-14.3
ebook-tools	0.2.2-6
edid-decode	0.1~git20220315.cb74358c2896-1.1
editorconfig-core	0.12.9+~0.17.1-1
efivar	38-3.1
elfutils	0.192-4
emacsen-common	3.0.8
enchant-2	2.8.2+dfsg1-3
eo-spell	3.7-2
espa-nol	1.11-20
espeak-ng	1.52.0+dfsg-5
ethtool	1:6.14.2-1
eventviews	4:24.12.3-1
evolution-data-server	3.56.2-0+deb13u1
exfatprogs	1.2.9-1+deb13u1
exiv2	0.28.5+dfsg-1
expat	2.7.1-2
extrepo	0.14
extrepo-data	1.0.6~deb13u1
faad2	2.11.2-1
fakeroot	1.37.1.1-1
fbterm	1.7-5
fcitx	1:4.2.9.9-2
fcitx-configtool	0.4.10-3
fcitx-qt5	1.2.7-3
fcitx5	5.1.12-2
fcitx5-chinese-addons	5.1.8-1
fcitx5-configtool	5.1.8-1
fcitx5-gtk	5.1.3-3
fcitx5-lua	5.0.14-1
fcitx5-m17n	5.1.3-1
fcitx5-qt	5.1.9-1
fcitx5-table-other	5.1.4-1
ffmpeg	7:7.1.5-0+deb13u1
ffmpegthumbs	4:25.04.0-2
fftw3	3.3.10-2
file	1:5.46-5
findutils	4.10.0-3
firefox-esr	153.4.0esr-1~deb13u1
firmware-ast	20140808-10
firmware-free	20241210-2
firmware-nonfree	20250410-2
firmware-sof	2025.01-1
flac	1.5.0+ds-2
flashrom	1.4.0-3
flite	2.2-7
fluidsynth	2.4.4+dfsg-1+deb13u2
fmtlib	10.1.1+ds1-4
fontconfig	2.15.0-2.3
fonts-android	1:8.1.0r7-1~1.gbp36536b
fonts-arabeyes	2.1-7
fonts-arundina	0.3.2-2
fonts-beng	2:1.3
fonts-beng-extra	3.6.0-1
fonts-bpg-georgian	2012-5
fonts-dejavu	2.37-8
fonts-deva	2:1.4
fonts-deva-extra	3.0-6
fonts-dzongkha	0.3-9
fonts-farsiweb	0.4.dfsg-13
fonts-freefont	20211204+svn4273-2
fonts-gargi	2.0-6
fonts-gujr	2:1.5
fonts-gujr-extra	1.0.1-2
fonts-guru	2:1.3
fonts-guru-extra	2.0-5
fonts-hack	3.003-3
fonts-hosny-amiri	1.001-1
fonts-hosny-thabit	0.02-2.1
fonts-ipafont	00303-23
fonts-kalapi	1.0-5
fonts-khmeros	5.0-9
fonts-liberation	1:2.1.5-3
fonts-liberation-sans-narrow	1:1.07.6-4
fonts-lohit-beng-assamese	2.91.5-2
fonts-lohit-beng-bengali	2.91.5-3
fonts-lohit-deva	2.95.4-5
fonts-lohit-gujr	2.92.4-4
fonts-lohit-guru	2.91.2-3
fonts-lohit-knda	2.5.4-3
fonts-lohit-mlym	2.92.2-2
fonts-lohit-taml	2.91.3-2
fonts-lohit-taml-classical	2.5.4-2
fonts-lohit-telu	2.5.5-2
fonts-mlym	2:1.3
fonts-nakula	1.0-4
fonts-noto	20201225-2
fonts-noto-cjk	1:20240730+repack1-1
fonts-noto-color-emoji	2.051-0+deb13u1
fonts-quicksand	0.2016-2.1
fonts-sahadeva	1.0-5
fonts-sahel	3.4.0-3
fonts-samyak	1.2.2-6
fonts-sarai	1.0-3
fonts-sil-abyssinica	2.201-1
fonts-sil-andika	6.200-1
fonts-sil-annapurna	2.000-2
fonts-sil-scheherazade	2.100-2.1
fonts-smc	1:7.5
fonts-smc-anjalioldlipi	7.1.2-2
fonts-smc-chilanka	1.540-2
fonts-smc-dyuthi	3.0.2-2
fonts-smc-gayathri	1.200-1
fonts-smc-karumbi	1.1.2-2
fonts-smc-keraleeyam	3.0.2-2
fonts-smc-manjari	2.200-1
fonts-smc-meera	7.0.3-1
fonts-smc-rachana	7.0.2-1
fonts-smc-raghumalayalamsans	2.2.1-1
fonts-smc-suruma	3.2.3-1
fonts-smc-uroob	2.0.2-1
fonts-taml	2:1.4
fonts-telu	2:1.3
fonts-telu-extra	2.0-6
fonts-teluguvijayam	2.1-1
fonts-tlwg	1:0.7.3-1
fonts-ukij-uyghur	20110217-4
fonts-unikurdweb	1.0-6
fonts-urw-base35	20200910-8
fonts-vazirmatn	33.003-3
fonts-vlgothic	20220612-1
fonts-yrsa-rasa	2.005-1
fortune-mod	1:1.99.1-9
fortunes-debian-hints	2.01.5+nmu1
fortunes-it	2.16-2
fprintd	1.94.5-2
frameworkintegration	5.116.0-1
freetype	2.13.3+dfsg-1+deb13u1
fribidi	1.0.16-1
fuse	2.9.9-9
fuse3	3.17.2-3
futuresql	0.1.1-2
fwupd	2.0.20-1~deb13u1
fwupd-amd64-signed	1:1.7+1
game-music-emu	0.6.3-7
gcc-14	14.2.0-19
gcc-defaults	1.220
gcr	3.41.2-3
gcr4	4.4.0.1-3
gdb	16.3-1
gdbm	1.24-2
gdk-pixbuf	2.42.12+dfsg-4+deb13u1
gegl	1:0.4.62-2+deb13u2
geoclue-2.0	2.7.2-2
gettext	0.23.1-2
gexiv2	0.14.3-1
ghostscript	10.05.1~dfsg-1+deb13u1
gimp	3.0.4-3+deb13u9
gimp-help	3.0.0-4
git	1:2.47.3-0+deb13u1
glib-networking	2.80.1-1
glib2.0	2.84.4-3~deb13u3
glibc	2.41-12+deb13u3
glibmm2.4	2.66.8-1
gmp	2:6.3.0+dfsg-3
gnome-keyring	48.0-1
gnome-themes-extra	3.28-4
gnupg2	2.4.7-21+deb13u1
gnustep-base	1.31.1-3
gnustep-make	2.9.3-6
gnutls28	3.8.9-3+deb13u4
gobject-introspection	1.84.0-1
goldendict-ng	25.06.0-2
gpgme1.0	1.24.2-3
gpm	1.20.7-11
grantlee-editor	4:24.12.3-1
grantleetheme	24.12.3-1
graphene	1.10.8-5
graphite2	1.3.14-2+deb13u1
graphviz	2.42.4-3
grep	3.11-4
groff	1.23.0-9
grub2	2.12-9+deb13u2
gsettings-desktop-schemas	48.0-1
gsettings-qt	1.0.0-4
gssdp	1.6.4-1~deb13u1
gst-libav1.0	1.26.2-1+deb13u1
gst-plugins-bad1.0	1.26.2-3+deb13u2
gst-plugins-base1.0	1.26.2-1+deb13u1
gst-plugins-good1.0	1.26.2-1+deb13u2
gst-plugins-ugly1.0	1.26.3-4+deb13u1
gstreamer1.0	1.26.2-2
gtk+2.0	2.24.33-7
gtk+3.0	3.24.49-3
gtk4	4.18.6+ds-2
gts	0.7.6+darcs121130-5.2
gupnp	1.6.8-2
gupnp-igd	1.6.0-4
gwenview	4:25.04.3-1
gzip	1.13-1
harfbuzz	10.2.0-1+deb13u1
hdparm	9.65+ds-1.1
hfst-ospell	0.5.4-1
hicolor-icon-theme	0.18-2
highway	1.2.0-2
hostname	3.25
hspell	1.4-3.1
hspell-gui	0.2.6-7
http-parser	2.9.4-6
hunspell	1.7.2+really1.7.2-10
hunspell-ar	3.5.2014-11-08-5
hunspell-be	0.60-1
hunspell-ca	3.0.9+repack1-2
hunspell-dict-ko	0.7.94-2
hunspell-eu	5.4.10-1
hunspell-fr	1:7.0-3
hunspell-kk	1.1.2-2
hunspell-lv	1.4.0-5
hunspell-ml	0.1-3
hw-probe	1.6.5-1
hwdata	0.394-1
hwinfo	21.82-1.1
hwloc	2.12.0-4
hyphen	2.8.8-7
i2c-tools	4.4-2
ibus	1.5.32-2
ibus-hangul	1.5.5-2
ibus-m17n	1.4.36-1
icu	76.1-4
ifrench-gut	1:1.0-32.3
ifupdown	0.8.44+deb13u1
igerman98	20161207-15
iio-sensor-proxy	3.7-3
iirish	2.0-27.1
iitalian	1:2.3-3.2
ijs	0.35-15.2
im-config	0.57-2
imagemagick	8:7.1.1.43+dfsg1-1+deb13u10
imath	3.1.12-1
incidenceeditor	24.12.3-1
indi	1.9.9+dfsg-3
indi-dsi	0.4+20221223123028-2
init-system-helpers	1.69~deb13u1
initramfs-tools	0.148.4
intel-gmmlib	22.7.2+ds1-1
intel-media-driver	25.2.3+dfsg1-1
intel-microcode	3.20251111.1~deb13u1
intel-processor-trace	2.1.2-1
intel-vaapi-driver	2.4.1+dfsg1-2
ipolish	20240901-1
ipp-usb	0.9.23-2
iproute2	6.15.0-1
iptables	1.8.11-2
iputils	3:20240905-3
isa-support	27
isl	0.27-1
iso-codes	4.18.0-1
ispell	3.4.06-1
ispell-et	1:20030606-32
ispell-gl	0.5-48
ispell-lt	1.3.2-3
ispell-uk	1.8.0+dfsg-1
ispell.pt	20220621-1
itools	1.1-1
iucode-tool	2.3.1-3
iw	6.9-1
jackd2	1.9.22~dfsg-4
jansson	2.14-2
javascript-common	12+nmu1
jbig2dec	0.20-1
jbigkit	2.1-6.1
jimtcl	0.83-2
jpeg-xl	0.11.2-0.1~deb13u2
jq	1.7.1-6+deb13u2
json-c	0.18+ds-1
json-glib	1.10.6+ds-2
juk	4:25.04.0-1
jxrlib	1.2~git20170615.f752187-5.3
kaccounts-integration	4:25.04.0-1
kaccounts-providers	4:25.04.0-1
kactivitymanagerd	6.3.4-1
kaddressbook	4:24.12.3-1
kamera	4:25.04.0-1
karchive	5.116.0-1
kasumi	2.5+debian2-1
kate	4:25.04.3-2
kauth	5.116.0-1
kbd	2.7.1-2
kbookmarks	5.116.0-1
kcalc	4:25.04.0-1
kcalutils	4:24.12.3-1
kcm-fcitx	0.5.6+git20221120-1
kcodecs	5.116.0-1
kcolorpicker	0.3.1-1
kcompletion	5.116.0-1
kconfig	5.116.0-1
kconfigwidgets	5.116.0-1
kcoreaddons	5.116.0-1
kcrash	5.116.0-1
kdbusaddons	5.116.0-1
kde-cli-tools	4:6.3.4-1
kde-gtk-config	4:6.3.4-1
kde-inotify-survey	25.04.0-1
kde-spectacle	4:6.3.5-2
kdeconnect	25.04.2-1+deb13u1
kdecoration	4:6.3.4-1
kded	5.116.0-1
kdegraphics-mobipocket	4:25.04.0-1
kdegraphics-thumbnailers	4:25.04.0-1
kdenetwork-filesharing	4:25.04.3-1
kdepim-addons	24.12.3-1
kdepim-runtime	4:24.12.3-1
kdeplasma-addons	4:6.3.5-1
kdiagram	3.0.1-4
kdialog	4:25.04.0-1
kdoctools	5.116.0-1
kdsoap	2.2.0+dfsg-3
kdsoap-ws-discovery-client	0.4.0-2
keditbookmarks	25.04.0-1
keyutils	1.6.3-6
kf6-attica	6.13.0-1
kf6-baloo	6.13.0-1
kf6-bluez-qt	6.13.0-1
kf6-breeze-icons	6.13.0-3
kf6-frameworkintegration	6.13.0-2
kf6-karchive	6.13.0-2
kf6-kauth	6.13.0-1
kf6-kbookmarks	6.13.0-1
kf6-kcalendarcore	6.13.0-1
kf6-kcmutils	6.13.0-2
kf6-kcodecs	6.13.0-1
kf6-kcolorscheme	6.13.0-1
kf6-kcompletion	6.13.0-1
kf6-kconfig	6.13.0-2
kf6-kconfigwidgets	6.13.0-1
kf6-kcontacts	6.13.0-1
kf6-kcoreaddons	6.13.0-1
kf6-kcrash	6.13.0-1
kf6-kdav	6.13.0-1
kf6-kdbusaddons	6.13.0-1
kf6-kdeclarative	6.13.0-1
kf6-kded	6.13.0-1
kf6-kdesu	6.13.0-1
kf6-kdnssd	6.13.0-1
kf6-kdoctools	6.13.0-1
kf6-kfilemetadata	6.13.0-1
kf6-kglobalaccel	6.13.0-1
kf6-kguiaddons	6.13.0-1
kf6-kholidays	6.13.0-1
kf6-ki18n	6.13.0-1
kf6-kiconthemes	6.13.0-2
kf6-kidletime	6.13.0-1
kf6-kimageformats	6.13.0-2
kf6-kio	6.13.0-6
kf6-kirigami	6.13.0-2
kf6-kitemmodels	6.13.0-1
kf6-kitemviews	6.13.0-1
kf6-kjobwidgets	6.13.0-1
kf6-knewstuff	6.13.0-1
kf6-knotifications	6.13.0-1
kf6-knotifyconfig	6.13.0-1
kf6-kpackage	6.13.0-1
kf6-kparts	6.13.0-1
kf6-kpeople	6.13.0-1
kf6-kpty	6.13.0-1
kf6-kquickcharts	6.13.0-1
kf6-krunner	6.13.0-1
kf6-kservice	6.13.0-1
kf6-kstatusnotifieritem	6.13.0-1
kf6-ksvg	6.13.0-1
kf6-ktexteditor	6.13.0-1
kf6-ktexttemplate	6.13.0-1
kf6-ktextwidgets	6.13.0-1
kf6-kunitconversion	6.13.0-1
kf6-kuserfeedback	6.13.0-1
kf6-kwallet	6.13.0-1
kf6-kwidgetsaddons	6.13.0-1
kf6-kwindowsystem	6.13.0-2
kf6-kxmlgui	6.13.0-1
kf6-modemmanager-qt	6.13.0-1
kf6-networkmanager-qt	6.13.0-1
kf6-prison	6.13.0-1
kf6-purpose	6.13.0-1
kf6-qqc2-desktop-style	6.13.0-1
kf6-solid	6.13.0-1
kf6-sonnet	6.13.0-1
kf6-syndication	6.13.0-1
kf6-syntax-highlighting	6.13.0-1
kf6-threadweaver	6.13.0-1
kfind	4:25.04.0-1
kgamma	6.3.4-1
kglobalaccel	5.116.0-1
kglobalacceld	6.3.6-1
kguiaddons	5.116.0-2
khelpcenter	4:25.04.0-1
ki18n	5.116.0-1
kiconthemes	5.116.0-1
kidentitymanagement	24.12.3-1
kimageannotator	0.7.1-1
kimap	24.12.3-1
kinfocenter	4:6.3.6-1
kio	5.116.0-1
kio-extras	4:25.04.3-1
kio-fuse	5.1.0-1
kirigami-addons	1.7.0-1
kirigami2	5.116.0-1
kitemviews	5.116.0-1
kitinerary	24.12.3-1
kjobwidgets	5.116.0-1
kldap	24.12.3-1
klibc	2.0.14-1
kmag	4:25.04.0-1
kmail	4:24.12.3-1
kmail-account-wizard	4:24.12.3-1+deb13u1
kmailtransport	24.12.3-1
kmbox	24.12.3-1
kmenuedit	4:6.3.4-2
kmime	24.12.3-1
kmod	34.2-2
kmousetool	4:25.04.0-1
kmouth	4:25.04.0-1
knotifications	5.116.0-1
konqueror	4:25.04.0-1
konsole	4:25.04.2-1
kontactinterface	24.12.3-1
kontrast	25.04.0-1
konwert	1.8-15
korganizer	4:24.12.3-1
kpimtextedit	24.12.3-1
kpipewire	6.3.6-1
kpkpass	24.12.3-1
kpmcore	24.12.3-2
krb5	1.21.3-5+deb13u1
kscreen	4:6.3.6-1
kscreenlocker	6.3.5-1
kservice	5.116.0-1
ksmtp	24.12.3-1
ksshaskpass	4:6.3.4-1
ksystemstats	6.3.4-1
ktextaddons	1.5.4-4
ktextwidgets	5.116.0-1
ktnef	4:24.12.3-1
kup-backup	0.10.0-1
kwallet-kf5	5.116.0-1
kwallet-pam	6.3.4-1
kwalletmanager	4:25.04.2-1
kwayland	4:6.3.4-1
kwayland-integration	6.3.4-1
kwayland-kf5	4:5.116.0-1
kwidgetsaddons	5.116.0-1
kwin	4:6.3.6-1
kwindowsystem	5.116.0-1
kwrited	4:6.3.4-1
kxmlgui	5.116.0-1
lame	3.100-6
lapack	3.12.1-6
laptop-detect	0.16+nmu1
layer-shell-qt	6.3.4-1
lcms2	2.16-2+deb13u2
lerc	4.0.0+ds-5
less	668-1
level-zero	1.20.6-1
libaacs	0.11.1-4
libabw	0.1.3-1
libaccounts-glib	1.27-1
libaccounts-qt	1.17-4
libaio	0.3.113-8
libalgorithm-diff-perl	1.201-1
libalgorithm-diff-xs-perl	0.04-9
libalgorithm-merge-perl	0.08-5
libao	1.2.2+20180113-1.2
libappimage	1.0.4-5-4
libarchive	3.7.4-4+deb13u1
libass	1:0.17.3-1+deb13u1
libassuan	3.0.2-2
libasyncns	0.8-6
libatasmart	0.19-5
libauthen-sasl-perl	2.1700-1
libavc1394	0.5.4-5
libavif	1.2.1-1.2
libavtp	0.2.0-2
libb2	0.98.1-1.1
libbdplus	0.2.0-4
libblockdev	3.3.0-2.1
libbluray	1:1.3.4-1
libbpf	1.5.0-3
libbs2b	3.1.0+dfsg-8
libbsd	0.12.2-2
libbytesize	2.11-2
libcaca	0.99.beta20-5+deb13u1
libcanberra	0.30-18
libcap-ng	0.8.5-4
libcap2	1:2.75-10+deb13u1
libcbor	0.10.2-2
libcddb	1.3.2-7.1
libcdio	2.2.0-4.1~deb13u1
libcdr	0.1.7-1
libclone-perl	0.47-1
libcloudproviders	0.3.6-2
libcmis	0.6.2-2.1
libcommon-sense-perl	3.75-3
libconfig	1.7.3-2
libcryptx-perl	0.085-1+deb13u1
libdaemon	0.14-7.1
libdata-dump-perl	1.25-1
libdatrie	0.2.13-3
libdbusmenu	18.10.20180917~bzr492+repack1-4
libdbusmenu-qt	0.9.3+16.04.20160218-3
libdc1394	2.2.6-5
libdca	0.0.7-2
libde265	1.0.15-1
libdecor-0	0.2.2-2
libdeflate	1.23-2
libdisplay-info	0.2.0-2
libdmtx	0.7.7-1.2
libdrm	2.4.124-2
libdv	1.0.0-17.1
libdvbpsi	1.3.3-1
libdvdnav	6.1.1-3
libdvdread	6.1.3-2
libe-book	0.1.3-2
libebml	1.4.5-1
libebur128	1.2.6-1
libedit	3.1-20250104-1
libei	1.3.901-1
libencode-locale-perl	1.05-3
libeot	0.01-5
libepoxy	1.5.10-2
libepubgen	0.1.1-1
liberror-perl	0.17030-1
libetonyek	0.1.12-1
libevdev	1.13.4+dfsg-1
libevent	2.1.12-stable-10
libexif	0.6.25-1+deb13u1
libexttextcat	3.4.7-1
libfakekey	0.3+git20170516-3
libffado	2.4.9-2
libffi	3.4.8-2
libfido2	1.15.0-1
libfile-basedir-perl	0.09-2
libfile-desktopentry-perl	0.22-3
libfile-fcntllock-perl	0.22-4
libfile-listing-perl	6.16-1
libfile-mimeinfo-perl	0.35-1
libfont-afm-perl	1.20-4
libfontenc	1:1.1.8-1
libfprint	1:1.94.9-1
libfreeaptx	0.2.2-1
libfreehand	0.1.2-3
libftdi1	1.5-10
libgav1	0.19.0-3
libgc	1:8.2.8-1
libgcrypt20	1.11.0-7+deb13u1
libgd2	2.3.3-13
libgit2	1.9.0+ds-2
libglu	9.0.2-1.1
libglvnd	1.7.0-1
libgpg-error	1.51-4
libgphoto2	2.5.31-4
libgravatar	4:24.12.3-1
libgsm	1.0.22-1
libgudev	238-6
libgusb	0.4.9-1
libhangul	0.2.0-1
libhdate	1.6.02-2.1
libheif	1.19.8-1
libhtml-form-perl	6.12-1
libhtml-format-perl	2.16-2
libhtml-parser-perl	3.83-2~deb13u1
libhtml-tagset-perl	3.24-1
libhtml-tree-perl	5.07-3
libhttp-cookies-perl	6.11-1
libhttp-daemon-perl	6.16-1+deb13u1
libhttp-date-perl	6.06-1
libhttp-message-perl	7.00-2
libhttp-negotiate-perl	6.01-2
libical3	3.0.20-1
libice	2:1.1.1-1
libidn	1.43-1
libidn2	2.3.8-2
libiec61883	1.2.0-7
libieee1284	0.2.11-14.1
libimagequant	2.18.0-1
libime	1.1.10+dict20250327-1
libimobiledevice	1.3.0+git20250228-2
libimobiledevice-glue	1.3.1-1
libinih	59-1
libinput	1.28.1-1+deb13u1
libinstpatch	1.1.6-1
libio-compress-brotli-perl	0.004001-2
libio-html-perl	1.004-3
libio-socket-ssl-perl	2.089-1
libio-stringy-perl	2.113-2
libipc-system-simple-perl	1.30-2
libitl	0.8.0-3
libjaylink	0.4.0-1
libjcat	0.2.3-1
libjpeg-turbo	1:2.1.5-4
libjson-perl	4.10000-1
libjson-xs-perl	4.040-1~deb13u1
libkate	0.4.3-1
libkdcraw	25.04.0-1
libkdepim	4:24.12.3-1
libkexiv2	25.04.0-1
libkgapi	24.12.3-1
libkleo	4:24.12.3-3
libkolabxml	1.2.1-5
libksba	1.6.7-2
libkscreen	4:6.3.4-1
libksieve	4:24.12.3-1
libksysguard	4:6.3.5-1
liblangtag	0.6.7-1
liblc3	1.1.3+dfsg-1
libldac	2.0.2.3+git20200429+ed310a0-5
liblocale-gettext-perl	1.07-7
liblouis	3.33.0-1
liblouisutdml	2.12.0-7
liblqr	0.4.2-2.1
liblrdf	0.6.1-4
libltc	1.3.2-1
liblwp-mediatypes-perl	6.04-2
liblwp-protocol-https-perl	6.14-1
libmad	0.15.1b-11
libmailtools-perl	2.22-1
libmatroska	1.7.1-1
libmbim	1.32.0-1
libmd	1.1.0-2
libmng	1.0.10+dfsg-3.1
libmnl	1.0.5-3
libmodplug	1:0.8.9.0-3
libmpc	2:0.1~r495-3
libmspub	0.1.4-3
libmtp	1.1.22-1
libmwaw	0.3.22-1
libmypaint	1.6.0-4
libmysofa	1.3.3+dfsg-1
libndp	1.9-1
libnet-dbus-perl	1.2.0-2
libnet-http-perl	6.23-1
libnet-smtp-ssl-perl	1.04-2
libnet-ssleay-perl	1.94-3
libnetfilter-conntrack	1.1.0-1
libnfnetlink	1.0.2-3
libnfs	5.0.2-1
libnftnl	1.2.9-1
libnice	0.1.22-1
libnl3	3.7.0-2
libnotify	0.8.6-1
libnova	0.16-5.1
libnumbertext	1.0.11-4
libnvme	1.13-2
libodfgen	0.1.8-2
libogg	1.3.5-3
libonig	6.9.9-1
libopenmpt	0.7.13-1
libopenmpt-modplug	0.8.9.0-openmpt1-2
liborcus	0.19.2-6
libotf	0.9.16-4
libpagemaker	0.0.4-1
libpaper	2.2.5-0.3
libpcap	1.10.5-2
libpciaccess	0.17-3
libpgm	5.3.128~dfsg-2.1
libphonenumber	8.13.51+ds-4.2
libpipeline	1.5.8-1
libplacebo	7.349.0-3
libplasma	6.3.5-1
libplist	2.6.0-2
libpng1.6	1.6.48-1+deb13u5
libproxy	0.5.9-1
libpsl	0.21.2-1.1
libpwquality	1.4.5-5
libqaccessibilityclient	0.6.0-3
libqalculate	5.5.2-1
libqmi	1.36.0-1
libqrtr-glib	1.2.2-1
libqxp	0.0.2-1
librabbitmq	0.15.0-1+deb13u1
libraw	0.21.4-2
libraw1394	2.1.2-2
libreoffice	4:25.2.3-2+deb13u6
libreoffice-dictionaries	1:25.2.3-1
libreoffice-voikko	5.0-4
librevenge	0.0.5-3
librist	0.2.11+dfsg-1
librsvg	2.60.0+dfsg-1
libsamplerate	0.2.2-4
libsdl2	2.32.4+dfsg-1
libseccomp	2.6.0-2
libsecret	0.21.7-1
libselinux	3.8.1-1
libsemanage	3.8.1-1
libsepol	3.8.1-1
libshout	2.4.6-1
libsidplay	1.36.60-1
libsigc++-2.0	2.12.1-3
libsm	2:1.2.6-1
libsndfile	1.2.2-2+deb13u1
libsodium	1.0.18-1+deb13u1
libsoup3	3.6.5-3
libsoxr	0.1.3-4
libspatialaudio	0.3.0+git20180730+dfsg1-2.1
libspectre	0.2.12-1
libsrtp2	2.7.0-3
libssh	0.11.2-1+deb13u1
libssh2	1.11.1-1+deb13u1
libstaroffice	0.0.7-1
libtasn1-6	4.20.0-2+deb13u1
libteam	1.31-1
libtext-charwidth-perl	0.04-11
libtext-iconv-perl	1.7-8
libtext-wrapi18n-perl	0.06-10
libthai	0.1.29-2
libtheora	1.2.0~alpha1+dfsg-6
libtie-ixhash-perl	1.23-4
libtimedate-perl	2.3300-2
libtirpc	1.3.6+ds-1
libtomcrypt	1.18.2+dfsg-7
libtommath	1.3.0-1
libtool	2.5.4-4
libtry-tiny-perl	0.32-1
libtypes-serialiser-perl	1.01-1
libudfread	1.1.2-1
libunibreak	6.1-3
libunistring	1.3-2
libunwind	1.8.1-0.1
liburcu	0.15.2-2
liburi-perl	5.30-1
libusb-1.0	2:1.0.28-1
libusbmuxd	2.1.0-1
libutempter	1.2.1-4
libuv1	1.50.0-2
libva	2.22.0-3
libva-utils	2.22.0+ds1-2
libvdpau	1.5-3
libvdpau-va-gl	0.4.2-2
libvidstab	1.1.0-2
libvisio	0.1.7-1
libvisual	0.4.2-2
libvoikko	4.3.2-1
libvorbis	1.3.7-3
libvpl	1:2.14.0-1
libvpx	1.15.0-2.1+deb13u1
libwacom	2.14.0-1
libwebp	1.5.0-0.1
libwmf	0.2.13-1.1
libwnck3	43.2-1
libwpd	0.10.3-2
libwpg	0.3.4-3
libwps	0.4.14-2
libwww-perl	6.78-1
libwww-robotrules-perl	6.02-1
libx11	2:1.8.12-1
libx11-protocol-perl	0.56-9
libx86	1.1+ds1-13
libx86emu	3.5-1.1
libxau	1:1.0.11-1
libxaw	2:1.0.16-1
libxcb	1.17.0-2
libxcomposite	1:0.4.6-1
libxcrypt	1:4.4.38-1
libxcursor	1:1.2.3-1
libxcvt	0.1.3-1
libxdamage	1:1.1.6-1
libxdmcp	1:1.1.5-1
libxext	2:1.3.4-1
libxfixes	1:6.0.0-2
libxfont	1:2.0.6-1
libxi	2:1.8.2-1
libxinerama	2:1.1.4-3
libxkbcommon	1.7.0-2
libxkbfile	1:1.1.0-1
libxml++2.6	2.42.3-2
libxml-parser-perl	2.47-2~deb13u1
libxml-twig-perl	1:3.52-3
libxml-xpathengine-perl	0.14-2
libxml2	2.12.7+dfsg+really2.9.14-2.1+deb13u3
libxmlb	0.3.22-1
libxmu	2:1.1.3-3
libxnvctrl	535.171.04-1
libxpm	1:3.5.17-1+deb13u1
libxrandr	2:1.5.4-1
libxrender	1:0.9.12-1
libxres	2:1.2.1-1
libxshmfence	1.3.3-1
libxslt	1.1.35-1.2+deb13u3
libxss	1:1.2.3-1
libxt	1:1.2.1-1.2
libxtst	2:1.2.5-1
libxv	2:1.0.11-1.1
libxvmc	2:1.0.12-2
libxxf86dga	2:1.1.5-1
libxxf86vm	1:1.1.4-1
libyaml	0.2.5-2
libyaml-libyaml-perl	0.903.0+ds-1
libyuv	0.0.1904.20250204-1
libzim	9.2.3-1.1
libzip	1.11.3-2
libzmf	0.0.2-1
libzstd	1.5.7+dfsg-1
lilv	0.24.26-1
linux	6.12.94-1
linux-base	4.12.1
linux-signed-amd64	6.12.94+1
lirc	0.10.2-0.10
live-boot	1:20250815~deb13u1
live-config	11.0.5
live-tasks	13.0.4
live-tools	1:20240525
llvm-toolchain-19	1:19.1.7-3
lm-sensors	1:3.6.2-2
lmdb	0.9.31-1
logrotate	3.22.0-1
lsb-release-minimal	12.1-1
lsof	4.99.4+dfsg-2
lua5.2	5.2.4-3
lua5.3	5.3.6-2
lua5.4	5.4.7-1
luit	2.0.20240910-1
lv	4.51-10
lvm2	2.03.31-2
lynx	2.9.2-1
lz4	1.10.0-4
lzo2	2.10-3
m17n-db	1.8.10-1
m17n-lib	1.8.5-1
magyarispell	1.8.1+git20240328.3aa21cc-1
mailcap	3.74
mailcommon	4:24.12.3-1
mailimporter	4:24.12.3-1
maint-guide	1.2.53
make-dfsg	4.4.1-2
man-db	2.13.1-1
manpages	6.9.1-1
manpages-ja	0.5.0.0.20221215+dfsg-1
manpages-l10n	4.27.0-1
manpages-tr	2.0.6-2
manpages-zh	1.6.4.3-1
marisa	0.2.6-19
mawk	1.3.4.20250131-1
mbedtls	3.6.5-0.1~deb13u1
mbox-importer	4:24.12.3-1
md4c	0.5.2-2
mdadm	4.4-11
media-player-info	26-1
media-types	13.0.0
memtester	4.7.1-1
mesa	25.0.7-2+deb13u1
mesa-demos	9.0.0-2
messagelib	4:24.12.3-4
meta-kde	5:162
mhash	0.9.9.9-10
milou	4:6.3.5-1
mjpegtools	1:2.1.0+debian-8.1
mobile-broadband-provider-info	20250613-2
modemmanager	1.24.0-1+deb13u1
mozc	2.29.5160.102+dfsg-1.4
mpclib3	1.3.1-1
mpeg2dec	0.5.1-9
mpfr4	4.2.2-1
mpg123	1.32.10-1+deb13u1
mtdev	1.1.7-1
mueller	2002.02.27-16
myspell-fa	0.20070816-3.2
myspell-lv	0.9.6-12
myspell-pt-br	20131030-19
myspell-sk	0.5.5a-2.4
myspell-sq	1.6.4-1.2
mythes	2:1.2.5-1
nano	8.4-1+deb13u1
nas	1.9.4-9
ncurses	6.5+20250216-2
neon27	0.34.2-1
net-snmp	5.9.4+dfsg-2+deb13u1
netbase	6.5
netpbm-free	2:11.10.02-1
nettle	3.10.1-1
network-manager	1.52.1-1
newt	0.52.25-1
nftables	1.1.3-1
nghttp2	1.64.0-1.1+deb13u1
nghttp3	1.8.0-1
ngtcp2	1.11.0-1+deb13u1
nkf	1:2.1.5-1
node-clipboard	2.0.11+ds+~cs9.6.11-1
node-jquery	3.6.1+dfsg+~3.5.14-1
node-normalize.css	8.0.1-5
node-prismjs	1.29.0+dfsg+~1.26.0-1
norm	1.5.9+dfsg-3.1
norwegian	2.2-4
npth	1.8-3
nspr	2:4.36-1
nss	2:3.110-1+deb13u3
nss-mdns	0.15.1-4
ntfs-3g	1:2022.10.3-5+deb13u1
numactl	2.0.19-1
oath-toolkit	2.6.12-1
ocean-sound-theme	6.3.4-1
ocl-icd	2.3.3-1
okular	4:25.04.2-1+deb13u1
onednn	3.7.2+ds-2
onetbb	2022.1.0-1+deb13u1
onnx	1.17.0-3
onnxruntime	1.21.0+dfsg-1
open-ath9k-htc-firmware	1.4.0-110-ge888634+dfsg1-0.1
openal-soft	1:1.24.2-1
opencc	1.1.9+ds1-1+deb13u1
openconnect	9.12-3+deb13u2
opencore-amr	0.1.6-1
opencv	4.10.0+dfsg-5
openexr	3.1.13-2
openfec	1.4.2.11+dfsg-1
openh264	2.6.0+dfsg-2
openjpeg2	2.5.3-2.1~deb13u2
openldap	2.6.10+dfsg-1
openni2	2.2.0.33+dfsg-18
openoffice.org-thesaurus-pl	1.5-4.3
openssh	1:10.0p1-7+deb13u4
openssl	3.5.6-1~deb13u2
openthesaurus	20160424-4
opus	1.5.2-2
orc	1:0.4.41-1
orca	48.1-1+deb13u2
os-prober	1.83
oxygen-sounds	4:6.3.4-1
p11-kit	0.25.5-3
packagekit	1.3.1-1+deb13u1
packagekit-qt	1.1.2-1
pam	1.7.0-5
pango1.0	1.56.3-1
par2cmdline	0.8.1-3
parted	3.6-5
partitionmanager	24.12.3-1
patch	2.8-2
pcaudiolib	1.3-1
pci.ids	0.0~2025.06.09-1
pciutils	1:3.13.0-2
pcre2	10.46-1~deb13u1
pcsc-lite	2.3.3-1
perl	5.40.1-6
perl-openssl-defaults	7
perl-tk	1:804.036+dfsg1-5
phonon	4:4.12.0-5
phonon-backend-vlc	0.12.0-3
pim-data-exporter	4:24.12.3-1
pim-sieve-editor	4:24.12.3-1
pimcommon	4:24.12.3-1
pinentry	1.3.1-2
pipewire	1.4.2-1
pixman	0.44.0-3
pkgconf	1.8.1-4
plasma-activities	6.3.4-1
plasma-activities-stats	6.3.4-1
plasma-browser-integration	6.3.4-2
plasma-desktop	4:6.3.6-1
plasma-discover	6.3.6-1
plasma-disks	6.3.4-1
plasma-firewall	6.3.4-2
plasma-integration	6.3.6-1
plasma-nm	4:6.3.4-2
plasma-pa	4:6.3.4-1
plasma-systemmonitor	6.3.6-1
plasma-thunderbolt	6.3.4-1
plasma-vault	6.3.5-1
plasma-welcome	6.3.4-1
plasma-workspace	4:6.3.6-2
plasma5support	4:6.3.4-1
plymouth	24.004.60-5
pocketsphinx	0.8+5prealpha+1-15
policykit-1	126-2
polkit-kde-agent-1	4:6.3.6-1
polkit-qt-1	0.200.0-4
poppler	25.03.0-5+deb13u4
poppler-data	0.4.12-1
popt	1.19+dfsg-2
power-profiles-daemon	0.30-1.1
powerdevil	4:6.3.6-1
powermgmt-base	1.38
powertop	2.15-4
ppp	2.5.2-1+1
presage	0.9.1-2.6+deb13u1
print-manager	6:6.3.5-1
procps	2:4.0.4-9
protobuf	3.21.12-11+deb13u1
protobuf-c	1.5.1-1
psmisc	23.7-2
pthreadpool	0.0~git20240616.560c60d-1
publicsuffix	20250328.1952-0.1
pulseaudio	17.0+dfsg1-2
pulseaudio-qt	1.7.0-1
pupnp	1:1.14.20-1+deb13u1
pycairo	1.27.0-2
pygobject	3.50.0-4
pyqt6	6.9.0-2
pyqt6-sip	13.10.0-1
pyqt6-webengine	6.9.0-1
pysmbc	1.0.25.1-1
python-bcrypt	4.2.0-2.1
python-certifi	2025.1.31+ds-1
python-cffi	1.17.1-3
python-cryptography	43.0.0-3+deb13u1
python-cups	2.0.4-2
python-fuse	2:1.0.9-1
python-psutil	7.0.0-2
python-pylibacl	0.7.2-1
python-pyxattr	0.8.1-1
python-setproctitle	1.3.6-2
python-tornado	6.4.2-3+deb13u2
python-urllib3	2.3.0-3+deb13u2
python3-defaults	3.13.5-1
python3.13	3.13.5-2+deb13u3
pyxdg	0.28-2
qca2	2.3.10-1
qcoro	0.12.0-1+deb13u1
qpdf	12.2.0-1
qqc2-breeze-style	6.3.5-1
qqc2-desktop-style	5.116.1-1
qrencode	4.1.1-2
qt6-5compat	6.8.2-3
qt6-base	6.8.2+dfsg-9+deb13u2
qt6-connectivity	6.8.2-3
qt6-declarative	6.8.2+dfsg-7
qt6-imageformats	6.8.2-4
qt6-multimedia	6.8.2-8
qt6-networkauth	6.8.2-4
qt6-positioning	6.8.2-3
qt6-sensors	6.8.2-3
qt6-serialport	6.8.2-3
qt6-shadertools	6.8.2-3
qt6-speech	6.8.2-2
qt6-svg	6.8.2-3
qt6-tools	6.8.2-5
qt6-translations	6.8.2-2
qt6-virtualkeyboard	6.8.2+dfsg-3
qt6-wayland	6.8.2-4
qt6-webchannel	6.8.2-2
qt6-webengine	6.8.2+dfsg-4
qt6-webview	6.8.2-2
qtbase-opensource-src	5.15.15+dfsg-6+deb13u1
qtdeclarative-opensource-src	5.15.15+dfsg-3
qtgraphicaleffects-opensource-src	5.15.15-2
qtkeychain	0.15.0-1
qtlocation-opensource-src	5.15.15+dfsg-3
qtquickcontrols2-opensource-src	5.15.15+dfsg-2
qtspeech-opensource-src	5.15.15-2
qtsvg-opensource-src	5.15.15-2
qttranslations-opensource-src	5.15.15-2
qtwayland-opensource-src	5.15.15-3
qtwebchannel-opensource-src	5.15.15-2
qtwebengine-opensource-src	5.15.18+dfsg-2
qtx11extras-opensource-src	5.15.15-2
raptor2	2.0.16-6
rasqal	0.9.33-2.1
re	0.1-7
re2	20240702-3
read-edid	3.0.2-1.1
readline	8.2-6
recode	3.7.15-1
redland	1.0.17-4
reiserfsprogs	1:3.6.27-9
roc-toolkit	0.4.0+dfsg-5
rpcsvc-proto	1.4.3-1
rsync	3.4.1+ds1-5+deb13u4
rtkit	0.13-5.1
rtmpdump	2.4+20151223.gitfa8646d.1-2
rubberband	3.3.0+dfsg-2
rus-ispell	0.99g5-30
rust-rav1e	0.7.1-9
rust-sequoia-sqv	1.3.0-3
samba	2:4.22.10+dfsg-0+deb13u1
sane-airscan	0.99.35-1
sane-backends	1.3.1-3
sbc	2.1-1
scalable-cyrfonts	4.18+num2
scim	1.4.18+git20211204-0.2
scowl	2020.12.07-4
sddm	0.21.0+git20250502.4fe234b-2
sddm-kcm	4:6.3.4-4
sed	4.9-2+deb13u1
sensible-utils	0.0.25
sentry-python	2.18.0-1
serd	0.32.4-1
sgml-base	1.31+nmu1
sgml-data	2.0.11+nmu1
shadow	1:4.17.4-2
shared-mime-info	2.4-5
shine	3.1.1-2
sidplay-libs	2.1.1-16
signon-plugin-oauth2	0.25+git20231015.fab69886-3
signond	8.61+git20231015.c8ad982-7
sigscheme	0.9.1-3
slang2	2.3.3-5
smartmontools	7.4-3
snappy	1.2.2-1
snowball	2.2.0-4
socat	1.8.0.3-1
softcatala-spell	0.20111230b-14
solid	5.116.0-1
sonic	0.2.0-13
sonnet	5.116.0-1
sord	0.16.18-1
sound-icons	0.1-8
sound-theme-freedesktop	0.8-6~deb13u1
soundtouch	2.4.0+ds-1
source-highlight	3.1.9-4.3
spandsp	0.0.6+dfsg-2.2
spdlog	1:1.15.2+ds-2
speech-dispatcher	0.12.0-5
speex	1.2.1-3
speexdsp	1.2.1-3
sphinxbase	0.8+5prealpha+1-21
spice-vdagent	0.22.1-4.1
sqlite3	3.46.1-7+deb13u1
squashfs-tools	1:4.6.1-1
squashfuse	0.5.2-0.2
sratom	0.6.18-1
srt	1.5.4-1
sshfs-fuse	3.7.3-1.2~deb13u1
ssl-cert	1.1.3
startup-notification	0.12-8
stoken	0.92-1.1
sudo	1.9.16p2-3+deb13u2
suitesparse	1:7.10.1+dfsg-1
svt-av1	2.3.0+dfsg-1
swath	0.6.1-4
swedish	1.4.5-5
sweeper	4:25.04.0-1
switcheroo-control	2.6-3
sysstat	12.7.5-2
system-config-printer	1.5.18-4
systemd	257.13-1~deb13u1
systemsettings	4:6.3.4-2
sysvinit	3.14-4
taglib	2.0.2-2
tar	1.35+dfsg-3.1
tasksel	3.81
tcp-wrappers	7.6.q-36
texinfo	7.1.1-1
thaixfonts	1:1.2.7-6
thin-provisioning-tools	1.1.0-4
tiff	4.7.0-3+deb13u2
time	1.9-0.2
timgm6mb-soundfont	1.3-5
tinyxml	2.6.2-7
tmispell-voikko	0.7.1-5
tomlplusplus	3.4.0+ds-0.2
tpm-udev	0.6+nmu1
tpm2-tss	4.1.3-1.2
tslib	1.22-1.1
ttf-ancient-fonts	2.60-2
twolame	0.4.0-2
tzdata	2026b-0+deb13u1
ucf	3.0052
uchardet	0.0.8-1
udisks2	2.10.1-12.1+deb13u1
uim	1:1.9.6-1
unar	1.10.8+ds1-9
unbound	1.22.0-2+deb13u3
underscore	1.13.4~dfsg+~1.11.4-3
unifont	1:15.1.01-1
unzip	6.0-29
update-inetd	4.53
upower	1.90.9-1
usb-modeswitch	2.6.1-4
usb-modeswitch-data	20191128-7
usb.ids	2025.07.26-1
usbmuxd	1.1.1-6+deb13u1
usbutils	1:018-2
user-setup	1.107
util-linux	2.41-5
v4l-utils	1.30.1-1
vdpauinfo	1.5-3
vim	2:9.1.1230-2
vlc	3.0.23-0+deb13u1
vo-aacenc	0.1.3-3
vo-amrwbenc	0.1.3-2
voikko-fi	2.5-2
volume-key	0.3.12-9
vulkan-loader	1.4.309.0-1
vulkan-tools	1.4.304.0+dfsg1-1
wavpack	5.8.1-1
wayland	1.23.1-3
wayland-utils	1.2.0-2
webrtc-audio-processing	1.3-3
wfrench	1.2.9-1
wildmidi	0.4.3-1
wireless-regdb	2026.05.30-1~deb13u1
wireless-tools	30~pre9-18
wireplumber	0.5.8-2
witalian	1.10+nmu1
wpa	2:2.10-24
wspanish	1.0.30
x11-apps	7.7+11
x11-session-utils	7.7+6
x11-utils	7.7+7
x11-xkb-utils	7.7+9
x11-xserver-utils	7.7+11
x264	2:0.164.3108+git31e19f9-2
x265	4.1-2
xapian-core	1.4.29-3
xauth	1:1.1.2-1.1
xbitmaps	1.1.1-2.2
xcb-imdkit	1.0.9-1
xcb-util	0.4.1-1
xcb-util-cursor	0.1.5-1
xcb-util-image	0.4.0-2
xcb-util-keysyms	0.4.1-1
xcb-util-renderutil	0.3.10-1
xcb-util-wm	0.4.2-1
xdg-desktop-portal	1.20.3+ds-1
xdg-desktop-portal-gtk	1.15.3-1
xdg-desktop-portal-kde	6.3.5-1
xdg-user-dirs	0.18-2
xdg-utils	1.2.1-2
xdg-utils-cxx	1.0.1-3.1
xerces-c	3.2.4+debian-1.3
xf86-input-wacom	1.2.3-1
xfonts-100dpi	1:1.0.5
xfonts-75dpi	1:1.0.5
xfonts-base	1:1.0.5+nmu1
xfonts-encodings	1:1.0.4-2.2
xfonts-scalable	1:1.0.3-1.3
xfonts-utils	1:7.7+7
xfsprogs	6.13.0-2
xft	2.3.6-1
xinit	1.4.2-1
xinput	1.6.4-1
xiterm+thai	1.10-3
xkbset	0.8-1
xkeyboard-config	2.42-1
xml-core	0.19
xmlsec1	1.2.41-1
xnnpack	0.0~git20241108.4ea82e5-2
xorg	1:7.7+24+deb13u1
xorg-docs	1:1.7.3-1
xorg-server	2:21.1.16-1.3+deb13u3
xserver-xorg-input-libinput	1.5.0-1
xserver-xorg-video-amdgpu	23.0.0-1
xserver-xorg-video-ati	1:22.0.0-1
xserver-xorg-video-fbdev	1:0.5.0-2
xserver-xorg-video-intel	2:2.99.917+git20210115-1
xserver-xorg-video-nouveau	1:1.0.18-1
xserver-xorg-video-qxl	0.1.6-1.1
xserver-xorg-video-vesa	1:2.6.0-2
xserver-xorg-video-vmware	1:13.4.0-1
xsettingsd	1.0.2-1
xterm	398-1
xuxen-eu-spell	3.0.20070215-2
xvidcore	2:1.3.7-1
xwayland	2:24.1.6-1
xwaylandvideobridge	0.4.0-2
xxhash	0.8.3-2
xxkb	1.11.1-3
xz-utils	5.8.1-1+deb13u1
yajl	2.1.0-5
yaml-cpp	0.8.0+dfsg-7
z3	4.13.3-1
zbar	0.23.93-8
zd1211-firmware	1:1.5-13
zeromq3	4.3.5-1
zhcon	1:0.2.6-20
zimg	3.0.5+ds1-1
zip	3.0-15
zix	0.6.2-1
zlib	1:1.3.dfsg+really1.3.1-1
zvbi	0.2.44-1
zxcvbn-c	2.5+dfsg-2
zxing-cpp	2.3.0-4
